,pretrained,finetuned
precision,0.9345595532863409,0.9616709548424238
recall,0.5457220400924382,0.8256465607328186
f1,0.6669459474379225,0.8798316330174583
